Objective(s),Business need,Epic,FR ID,Requirement,Priority,Release,Business rules,User stories,Acceptance criteria,API operations or implementation,Test cases,Verification status
OBJ-01; OBJ-05,BN-01,EP-01,FR-IAM-01,"The system shall let a customer sign in to the Customer Mobile App and the Customer Web Ordering panel with an email address and a one-time code sent to that address, and shall create the customer account on the first successful verification.",Must,R1,BR-001; BR-002,US-001,6,POST /auth/customer/codes; POST /auth/customer/sessions,TC-IAM-001; TC-IAM-004,Verified
OBJ-01; OBJ-05,BN-01,EP-01,FR-IAM-02,"The system shall enforce the one-time code limits: 6 digits, 10-minute validity, single use, invalidation by a newer code, a 60-second resend delay, 5 codes per email per rolling hour and 5 wrong entries per code.",Must,R1,BR-002,US-001,6,POST /auth/customer/codes; POST /auth/customer/sessions,TC-IAM-002; TC-IAM-003,Verified
OBJ-01; OBJ-05,BN-01,EP-01,FR-IAM-03,"The system shall let a guest browse branches, menus, prices and allergens in both customer apps without signing in, and shall ask the guest to sign in before adding an item to the cart.",Should,R1,,US-002,4,GET /branches; GET /branches/{branchId}/menu,TC-IAM-011,Verified
OBJ-01; OBJ-05,BN-01,EP-01,FR-IAM-04,"The system shall authenticate Admin Panel users by email and password, require a TOTP second factor for Administrators, and refuse customer accounts.",Must,R1,BR-001; BR-006,US-003,6,POST /auth/staff/sessions,TC-IAM-006,Verified
OBJ-01; OBJ-05,BN-01,EP-01,FR-IAM-05,"The system shall let Counter Staff and Managers sign in to the till with their own account, select one of their assigned active branches, and keep one session per device for up to 14 hours.",Must,R1,BR-004,US-004,5,POST /auth/staff/sessions,TC-IAM-007,Verified
OBJ-01; OBJ-05,BN-01,EP-01,FR-IAM-06,"The system shall enforce the role-permission matrix in section 3.3 server-side on every request and on every live-update subscription, including branch scoping for Managers and Counter Staff.",Must,R1,BR-003,US-005,6,PATCH /accounts/{accountId},TC-IAM-008,Verified
OBJ-01; OBJ-05,BN-01,EP-01,FR-IAM-07,"The Administrator shall be able to create, view, edit and deactivate employee accounts with name, email, role (fixed after creation), assigned branches and board color, and reset an employee's password without knowing it.",Must,R1,BR-001; BR-003; BR-005; BR-007,US-005,6,GET /accounts; POST /accounts; PATCH /accounts/{accountId},TC-IAM-005; TC-IAM-008,Verified
OBJ-01; OBJ-05,BN-01,EP-01,FR-IAM-08,"The Administrator shall be able to search and view customer accounts, suspend and reinstate them, and clear a Prepay-only status, with every change recorded in the audit log.",Must,R1,BR-041,US-007,5,GET /accounts; PATCH /accounts/{accountId},TC-IAM-010; TC-NTF-006,Verified
OBJ-01; OBJ-05,BN-01,EP-01,FR-IAM-09,"A signed-in customer shall be able to edit their name and mobile number, sign out of the current device, and delete their account.",Must,R1,BR-008; BR-043,US-006,5,DELETE /auth/sessions/current; GET /me; PATCH /me; DELETE /me,TC-IAM-009; TC-NTF-001,Verified
OBJ-01; OBJ-05,BN-01,EP-01,FR-IAM-10,"The system shall let a staff member reset a forgotten Admin Panel password through a single-use emailed link valid for 30 minutes, without revealing whether the email is registered.",Must,R1,BR-006,US-003,6,POST /auth/staff/password-resets,TC-IAM-006,Verified
OBJ-02; OBJ-03,BN-02,EP-02,FR-BRN-01,"The Administrator shall be able to create, edit, reorder and deactivate branches with name, short code, address, tagline and a default-branch flag; a deactivated branch disappears from the customer apps and the till at once.",Must,R1,,US-008,5,POST /branches; PATCH /branches/{branchId},TC-BRN-001; TC-BRN-002,Verified
OBJ-02; OBJ-03,BN-02,EP-02,FR-BRN-02,"The Administrator, and a Manager for assigned branches, shall be able to maintain each branch's weekly opening hours with an optional rush window per day.",Must,R1,BR-009,US-008,5,PATCH /branches/{branchId},TC-BRN-001,Verified
OBJ-02; OBJ-03,BN-02,EP-02,FR-BRN-03,"The Administrator, and a Manager for assigned branches, shall be able to record closure dates on which no pickup times are offered to customers.",Should,R1,BR-009,US-008,5,PATCH /branches/{branchId},TC-BRN-002,Verified
OBJ-02; OBJ-03,BN-02,EP-02,FR-BRN-04,"The Administrator shall be able to set a branch's order timings (online lead time, cancellation cutoff, minutes per kitchen unit, rush factor and online order limit) within the ranges in section 2.7; a Manager can change only the lead time and cancellation cutoff of assigned branches.",Must,R1,BR-010; BR-014,US-009,5,PATCH /branches/{branchId},TC-BRN-005; TC-BRN-013,Verified
OBJ-02; OBJ-03,BN-02,EP-02,FR-BRN-05,"The Administrator shall be able to connect each branch to its account at the cloud POS and invoicing provider, see the connection status, and import the branch's cash and card payment methods.",Must,R1,,US-010,4,POST /branches/{branchId}/pos-connection,TC-BRN-010,Verified
OBJ-02; OBJ-03,BN-02,EP-02,FR-BRN-06,"The system shall compute, for a branch, a cart and a channel, the pickup minutes of the current day and mark each one available or unavailable.",Must,R1,BR-010; BR-012; BR-020,US-011,6,GET /branches/{branchId}/pickup-slots,TC-BRN-003; TC-BRN-005,Verified
OBJ-02; OBJ-03,BN-02,EP-02,FR-BRN-07,"The system shall compute an order's kitchen minutes from its units in kitchen-time categories, the branch's minutes per unit and the rush factor.",Must,R1,BR-011,US-011,6,GET /branches/{branchId}/pickup-slots; Slot engine (inside listPickupSlots),TC-BRN-003; TC-BRN-004,Verified
OBJ-02; OBJ-03,BN-02,EP-02,FR-BRN-08,"The system shall reserve an order's kitchen minutes atomically when the order is placed, so that two orders can never hold the same kitchen minute at a branch.",Must,R1,BR-012; BR-013,US-011,6,POST /orders,TC-BRN-006,Verified
OBJ-02; OBJ-03,BN-02,EP-02,FR-BRN-09,A Manager or Administrator shall be able to set and remove one busy window for today at a branch; minutes inside it are unavailable to new orders from the moment it is saved.,Must,R1,BR-015,US-012,6,PUT /branches/{branchId}/busy-window,TC-BRN-008,Verified
OBJ-02; OBJ-03,BN-02,EP-02,FR-BRN-10,"The system shall apply kitchen delay protection while orders are late and show the blocked minutes on the boards, where a Manager can release them early.",Must,R1,BR-016,US-012,6,DELETE /branches/{branchId}/delay-block; Job: delay-protection (every minute),TC-BRN-009,Verified
OBJ-02; OBJ-03,BN-02,EP-02,FR-BRN-11,"The system shall release an order's unused kitchen minutes when it is canceled, collected or becomes a no-show, and push the changed availability to open pickup-time pickers within 2 seconds.",Must,R1,BR-017,US-011,6,GET /branches/{branchId}/pickup-slots; Socket.IO: slots.changed,TC-BRN-007,Verified
OBJ-02; OBJ-03,BN-02,EP-02,FR-BRN-12,"The system shall cap the kitchen minutes that online orders can hold in each 15-minute rush block, and release the reserved share to online orders before the block starts.",Must,R1.2,BR-018,US-013,6,PATCH /branches/{branchId}; GET /branches/{branchId}/pickup-slots,TC-BRN-011; TC-BRN-012,Verified
OBJ-01; OBJ-04,BN-03,EP-03,FR-MNU-01,"The Administrator shall be able to maintain each branch's menu categories: name, image, tile color, display order, active flag and whether the category counts toward kitchen time.",Must,R1,BR-011,US-014,6,PUT /branches/{branchId}/categories,TC-BRN-004; TC-MNU-001,Verified
OBJ-01; OBJ-04,BN-03,EP-03,FR-MNU-02,"The Administrator shall be able to maintain products per branch: name, description, gross price, category, takeaway and dine-in VAT rates, image, tile color, display order, ""show in customer apps"" flag, active flag, removable ingredients, available add-ons and an optional deposit product.",Must,R1,BR-024,US-014,6,POST /branches/{branchId}/products; PATCH /products/{productId},TC-MNU-001; TC-MNU-002,Verified
OBJ-01; OBJ-04,BN-03,EP-03,FR-MNU-03,"The Administrator shall be able to maintain a shared list of ingredients with name, allergens and active flag, and attach ingredients to products as removable; ingredients carry no price.",Must,R1,BR-021,US-015,4,POST /item-options,TC-MNU-003,Verified
OBJ-01; OBJ-04,BN-03,EP-03,FR-MNU-04,"The Administrator shall be able to maintain a shared list of add-ons with name, gross price, allergens and active flag, and attach add-ons to products.",Must,R1,BR-022,US-015,4,POST /item-options,TC-MNU-003,Verified
OBJ-01; OBJ-04,BN-03,EP-03,FR-MNU-05,"The system shall support deposit products and show deposits as combined, non-editable lines in carts, orders and invoices.",Should,R1,BR-026,US-014,6,POST /branches/{branchId}/products,TC-MNU-002,Verified
OBJ-01; OBJ-04,BN-03,EP-03,FR-MNU-06,"The system shall map every product and add-on to an article in the branch's POS account, create the article when no mapping exists, and push changes to name, price, VAT rate and active status to the POS within 5 minutes.",Must,R1,,US-016,4,POST /branches/{branchId}/products; PATCH /products/{productId}; Job: pos-article-sync,TC-MNU-004,Verified
OBJ-01; OBJ-04,BN-03,EP-03,FR-MNU-07,"The system shall hold the 14 EU allergen groups for products, ingredients and add-ons and show the combined allergens of an item before it can be added to the cart in both customer apps.",Must,R1,BR-028,US-017,4,GET /branches/{branchId}/menu; PATCH /products/{productId}; POST /item-options,TC-MNU-005,Verified
OBJ-01; OBJ-04,BN-03,EP-03,FR-MNU-08,A Manager shall be able to mark a product sold out at an assigned branch for the rest of the day; it shows as unavailable in every channel and resets at the start of the next day.,Should,R1,,US-018,5,PUT /products/{productId}/availability,TC-MNU-006; TC-MNU-007,Partially verified (Fail)
OBJ-01; OBJ-02; OBJ-04; OBJ-05,BN-04,EP-04,FR-ORD-01,"The system shall list active branches in the Administrator's display order with today's opening hours and an open or closed indicator, and remember the customer's selected branch on the device.",Must,R1,,US-019,4,GET /branches,TC-ORD-001,Verified
OBJ-01; OBJ-02; OBJ-04; OBJ-05,BN-04,EP-04,FR-ORD-02,"The system shall show the selected branch's menu by category with product name, description, price, allergens and availability, showing only active products flagged for the customer apps.",Must,R1,,US-019,4,GET /branches/{branchId}/menu,TC-ORD-002,Verified
OBJ-01; OBJ-02; OBJ-04; OBJ-05,BN-04,EP-04,FR-ORD-03,"The system shall let a customer customize an item by removing included ingredients and selecting add-ons, set a quantity from 1 to 20, and see the running line total before adding it to the cart.",Must,R1,BR-014; BR-021; BR-022; BR-023; BR-028,US-020,6,POST /carts/{branchId}/lines; PATCH /carts/{branchId}/lines/{lineId},TC-ORD-003,Verified
OBJ-01; OBJ-02; OBJ-04; OBJ-05,BN-04,EP-04,FR-ORD-04,"The system shall keep one cart per customer per branch, let the customer edit lines, change quantities and remove lines, and merge lines whose product and choices are identical.",Must,R1,BR-026,US-021,6,GET /carts/{branchId}; POST /carts/{branchId}/lines; PATCH /carts/{branchId}/lines/{lineId},TC-ORD-004,Verified
OBJ-01; OBJ-02; OBJ-04; OBJ-05,BN-04,EP-04,FR-ORD-05,"The system shall price the cart and the order on the server and show net, VAT per rate and total.",Must,R1,BR-023; BR-024; BR-025; BR-027,US-021,6,GET /carts/{branchId}; POST /carts/{branchId}/lines,TC-ORD-005; TC-ORD-006,Verified
OBJ-01; OBJ-02; OBJ-04; OBJ-05,BN-04,EP-04,FR-ORD-06,"The system shall show the customer the pickup minutes for the cart and explain why none are offered: branch closed, fully booked today, or order too large.",Must,R1,BR-010; BR-011,US-022,5,GET /branches/{branchId}/pickup-slots,TC-ORD-008,Verified
OBJ-01; OBJ-02; OBJ-04; OBJ-05,BN-04,EP-04,FR-ORD-07,"The system shall place an order only after re-pricing the cart, confirming that the branch is open, reserving the kitchen minutes and applying the customer's payment choice (pay online now or pay at the counter); Prepay-only customers must pay online.",Must,R1,BR-013; BR-027; BR-042,US-022; US-028,10,POST /orders,TC-ORD-006; TC-ORD-007; TC-ORD-008; TC-ORD-009,Verified
OBJ-01; OBJ-02; OBJ-04; OBJ-05,BN-04,EP-04,FR-ORD-08,"On placement the system shall show a confirmation with the order number, branch, pickup time and cancellation deadline, and send a confirmation email with the same details.",Must,R1,BR-033,US-022,5,POST /orders,TC-ORD-007,Verified
OBJ-01; OBJ-02; OBJ-04; OBJ-05,BN-04,EP-04,FR-ORD-09,"The system shall show the customer's orders of the last 90 days with a date filter, and update each order's status live while the screen is open.",Must,R1,BR-029,US-023,5,GET /orders,TC-ORD-010,Verified
OBJ-01; OBJ-02; OBJ-04; OBJ-05,BN-04,EP-04,FR-ORD-10,"The system shall show an order's detail: items with removed ingredients and add-ons, deposit line, net, VAT per rate, total, tip, payment status and, when paid, the invoice.",Must,R1,BR-034,US-023,5,GET /orders/{orderId},TC-ORD-010,Verified
OBJ-01; OBJ-02; OBJ-04; OBJ-05,BN-04,EP-04,FR-ORD-11,The system shall let a customer cancel an order within the cancellation window and show the deadline on the order until it passes.,Must,R1,BR-017; BR-030,US-024,5,POST /orders/{orderId}/cancellation,TC-ORD-011,Verified
OBJ-01; OBJ-02; OBJ-04; OBJ-05,BN-04,EP-04,FR-ORD-12,The system shall let a customer reorder a past order at the same branch by copying its lines into the cart at current prices and flagging items that are no longer available.,Could,R1,,US-025,3,POST /carts/{branchId}/lines,TC-ORD-012,Verified
OBJ-01; OBJ-02; OBJ-04; OBJ-05,BN-07,EP-04,FR-NTF-01,"The system shall register a push token per device for signed-in customers in both apps after the customer allows notifications, and remove only that device's token on sign-out.",Must,R1,BR-043,US-026,6,DELETE /auth/sessions/current; PUT /me/devices/{deviceId},TC-NTF-001,Verified
OBJ-01; OBJ-02; OBJ-04; OBJ-05,BN-07,EP-04,FR-NTF-02,"The system shall send a push notification when an order is marked Ready, canceled by staff, or refunded.",Must,R1,,US-026,6,Job: push-dispatch,TC-NTF-002,Verified
OBJ-01; OBJ-02; OBJ-04; OBJ-05,BN-07,EP-04,FR-NTF-03,"The system shall run the uncollected-order reminder ladder for Ready, unpaid pickup orders.",Must,R1,BR-040,US-027,5,Job: reminder-ladder,TC-NTF-003; TC-NTF-004,Verified
OBJ-01; OBJ-02; OBJ-04; OBJ-05,BN-07,EP-04,FR-NTF-04,"The system shall mark uncollected Ready orders as No-show at the cutoff and apply the Prepay-only status to the account, emailing the customer.",Must,R1,BR-041,US-028,5,Job: no-show-cutoff,TC-NTF-005; TC-NTF-006; TC-TIL-009,Verified
OBJ-01; OBJ-02; OBJ-04; OBJ-05,BN-07,EP-04,FR-NTF-05,"The system shall send transactional email (sign-in codes, order confirmations, reminders, no-show notices, staff password reset) through the transactional email provider in the customer's chosen language.",Must,R1,BR-044,US-029,5,Job: email-dispatch,TC-NTF-007,Verified
OBJ-01; OBJ-02; OBJ-04; OBJ-05,BN-07,EP-04,FR-NTF-06,"The system shall log every notification with event, recipient, channel, status and attempts, and deduplicate and retry sends.",Must,R1,BR-044,US-029,5,GET /orders/{orderId},TC-NTF-007,Verified
OBJ-01; OBJ-02; OBJ-04; OBJ-05,BN-07,EP-04,FR-NTF-07,Tapping a notification shall open the related order in the app and refresh the order list.,Should,R1,,US-026,6,Client deep link,TC-NTF-002,Verified
OBJ-05; OBJ-06,BN-05,EP-05,FR-PAY-01,"The system shall take online payments through the card payment provider's hosted checkout, including strong customer authentication, for the order total plus the selected tip.",Must,R1,BR-038; BR-042,US-030,5,POST /orders/{orderId}/payment-attempts,TC-PAY-001; TC-PAY-012,Verified
OBJ-05; OBJ-06,BN-05,EP-05,FR-PAY-02,"The system shall offer online tip options of 0, 5, 10 and 15% with 0% preselected, and show the amount to pay before checkout.",Should,R1,BR-036,US-030,5,POST /orders/{orderId}/payment-attempts,TC-PAY-001; TC-PAY-002,Verified
OBJ-05; OBJ-06,BN-05,EP-05,FR-PAY-03,"The system shall mark an online payment Succeeded only from the provider's signed webhook, process each provider event once, and update the order on every channel within 2 seconds of the webhook.",Must,R1,BR-035; BR-038,US-030,5,POST /webhooks/payments,TC-PAY-001; TC-PAY-003; TC-PAY-004,Verified
OBJ-05; OBJ-06,BN-05,EP-05,FR-PAY-04,"The till shall settle an unpaid order by cash (press-and-hold control) or by card through the card reader, with an optional tip keyed as the total amount on the card path.",Must,R1,BR-035; BR-036,US-031,5,POST /orders/{orderId}/payment-attempts; POST /payment-attempts/{attemptId}/verification,TC-PAY-005; TC-PAY-006; TC-PAY-008,Verified
OBJ-05; OBJ-06,BN-05,EP-05,FR-PAY-05,"The system shall manage payments as attempts with an idempotency key so that an order is charged at most once, and a retried confirmation never starts a new charge.",Must,R1.1,BR-035,US-032,6,POST /orders/{orderId}/payment-attempts; POST /payment-attempts/{attemptId}/verification,TC-PAY-007; TC-PAY-008,Verified
OBJ-05; OBJ-06,BN-05,EP-05,FR-PAY-06,"After a payment succeeds, the system shall raise one invoice in the branch's POS account, retrying through an outbox until the POS confirms, and store the invoice number and PDF link.",Must,R1,BR-025; BR-037,US-033,5,GET /orders/{orderId}/invoice; Job: invoice-outbox,TC-PAY-009,Verified
OBJ-05; OBJ-06,BN-05,EP-05,FR-PAY-07,The system shall let a customer view and download the invoice PDF of a paid order in both customer apps.,Must,R1,BR-037,US-033,5,GET /orders/{orderId}/invoice,TC-PAY-009,Verified
OBJ-05; OBJ-06,BN-05,EP-05,FR-PAY-08,"The system shall refund a canceled online-paid order in full through the provider's refund API, and route refunds that still fail after 3 retries to a Manager queue.",Must,R1,BR-030; BR-031,US-034,5,POST /orders/{orderId}/refunds,TC-PAY-010,Partially verified (Blocked)
OBJ-05; OBJ-06,BN-05,EP-05,FR-PAY-09,"The system shall raise a cancellation receipt in the POS account when an invoiced order is canceled, and let a Manager record a counter refund with method and reference.",Must,R1,BR-031,US-034,5,POST /orders/{orderId}/refunds,TC-PAY-010,Partially verified (Blocked)
OBJ-05; OBJ-06,BN-05,EP-05,FR-PAY-10,"The system shall reconcile the previous day's provider transactions, Brasa payments and POS invoices each night and show mismatches to Administrators.",Must,R1.1,BR-039,US-035,5,GET /reports/{reportType}; Job: reconciliation (03:00),TC-PAY-011,Verified
OBJ-03; OBJ-04; OBJ-06,BN-06,EP-06,FR-TIL-01,"The till shall run in landscape on iPad with three panels: product tiles grouped by category in the menu's colors, the order being built, and the live queue of the branch.",Must,R1,,US-036,6,Till client UI,TC-TIL-001,Verified
OBJ-03; OBJ-04; OBJ-06,BN-06,EP-06,FR-TIL-02,"The till shall let staff add products through a customization dialog (ingredients, add-ons, quantity 1 to 20) and choose Take away or Dine in; dine-in orders exist only on the till.",Must,R1,BR-014; BR-032,US-036,6,POST /orders,TC-TIL-001; TC-TIL-002; TC-TIL-004,Verified
OBJ-03; OBJ-04; OBJ-06,BN-06,EP-06,FR-TIL-03,"The till shall preselect the earliest free pickup minute once the first item is added, let staff choose another, and offer overbooked minutes when none are free.",Must,R1,BR-019,US-036,6,GET /branches/{branchId}/pickup-slots,TC-TIL-001; TC-TIL-003,Verified
OBJ-03; OBJ-04; OBJ-06,BN-06,EP-06,FR-TIL-04,"The till shall place an order unpaid from the time field, or place and settle it in one action from a payment button, and keep the order being built per device.",Must,R1,,US-036,6,POST /orders,TC-TIL-001; TC-TIL-004,Verified
OBJ-03; OBJ-04; OBJ-06,BN-06,EP-06,FR-TIL-05,"The till shall show the branch's live queue from all channels, let staff call up an unpaid order to change or settle it, and mark a paid order Collected with Deliver.",Must,R1,BR-029; BR-034,US-037,7,GET /branches/{branchId}/snapshot; PATCH /orders/{orderId}; PUT /orders/{orderId}/call-up; POST /orders/{orderId}/status,TC-TIL-005; TC-TIL-006,Verified
OBJ-03; OBJ-04; OBJ-06,BN-06,EP-06,FR-TIL-06,The till shall let staff cancel an order with a press and hold and a reason.,Must,R1,BR-031,US-037,7,POST /orders/{orderId}/cancellation,TC-TIL-007,Verified
OBJ-03; OBJ-04; OBJ-06,BN-06,EP-06,FR-TIL-07,"The Admin Panel kitchen board shall show the branch's open orders by pickup time with items, removed ingredients, add-ons, order type and status, without customer contact data, and let staff mark an order Ready.",Must,R1,BR-029; BR-032,US-038,5,GET /branches/{branchId}/snapshot; POST /orders/{orderId}/status,TC-TIL-002; TC-TIL-008,Verified
OBJ-03; OBJ-04; OBJ-06,BN-06,EP-06,FR-TIL-08,"The Admin Panel counter board shall show the same orders with the customer's name and contact details, payment status and method, and let staff mark an order Ready or cancel it with a reason.",Must,R1,BR-031,US-039,5,GET /branches/{branchId}/snapshot; POST /orders/{orderId}/cancellation; POST /orders/{orderId}/status,TC-TIL-009,Verified
OBJ-03; OBJ-04; OBJ-06,BN-06,EP-06,FR-TIL-09,"Boards and the till queue shall show who took an order and its state: a tint for dine-in or the employee's color with initials, and a text status badge.",Must,R1,BR-007; BR-020,US-040,4,GET /branches/{branchId}/snapshot; Board and till client UI,TC-TIL-010,Verified
OBJ-03; OBJ-04; OBJ-06,BN-06,EP-06,FR-TIL-10,"The system shall propagate every order change to the boards, tills and the customer's app within 2 seconds at the 95th percentile, scoped to the branch.",Must,R1,BR-020; BR-045,US-041,5,Socket.IO: order.* events,TC-TIL-011,Verified
OBJ-03; OBJ-04; OBJ-06,BN-06,EP-06,FR-TIL-11,"Boards and tills shall show a live-connection indicator and, after a reconnect or a sequence gap, re-subscribe and load a branch snapshot before showing further changes.",Must,R1.1,BR-045,US-041,5,"GET /branches/{branchId}/snapshot; Socket.IO: connect, heartbeat",TC-TIL-011; TC-TIL-012,Verified
OBJ-03; OBJ-04; OBJ-06,BN-06,EP-06,FR-TIL-12,"The boards shall play a sound and show a message for new, changed and customer-canceled orders, refresh silently for status changes, and keep the last 50 alerts of the session in an alert list.",Should,R1,,US-039,5,Board client UI; Socket.IO events,TC-TIL-013,Verified
OBJ-03; OBJ-04; OBJ-06,BN-06,EP-06,FR-TIL-13,"The Admin Panel shall show a daily operations summary per branch and channel (orders, ready on time, late, canceled, no-shows, overbooked, sales) with CSV export.",Should,R1,,US-042,4,GET /reports/{reportType},TC-TIL-014,Verified
